epoch,time,train/box_loss,train/seg_loss,train/cls_loss,train/dfl_loss,metrics/precision(B),metrics/recall(B),metrics/mAP50(B),metrics/mAP50-95(B),metrics/precision(M),metrics/recall(M),metrics/mAP50(M),metrics/mAP50-95(M),val/box_loss,val/seg_loss,val/cls_loss,val/dfl_loss,lr/pg0,lr/pg1,lr/pg2
1,81.0826,1.70364,3.88902,4.07748,1.50594,0.0025,0.11139,0.01716,0.00886,0.00492,0.23129,0.03834,0.01688,1.38499,2.469,4.2155,1.58283,3.636e-05,3.636e-05,3.636e-05
2,138.479,1.39512,3.13069,3.97381,1.31376,0.00616,0.2432,0.02127,0.00974,0.0071,0.28571,0.02925,0.01453,1.23269,2.08463,4.15269,1.47605,8.10001e-05,8.10001e-05,8.10001e-05
3,192.196,1.16313,2.48667,3.74701,1.19504,0.00935,0.31803,0.04029,0.02427,0.01261,0.40635,0.05184,0.02731,1.16618,1.97132,4.07832,1.40258,0.00012474,0.00012474,0.00012474
4,250.507,1.19296,2.36799,3.62436,1.22732,0.01788,0.57364,0.17322,0.10299,0.01935,0.58413,0.17496,0.10889,0.94082,1.64609,3.86785,1.15376,0.000167581,0.000167581,0.000167581
5,292.598,1.06471,2.02287,3.43193,1.11342,0.01861,0.64966,0.28696,0.19394,0.01886,0.64921,0.25342,0.17276,0.90362,1.5747,3.71841,1.06529,0.000209521,0.000209521,0.000209521
6,334.942,1.00115,1.83042,3.13857,1.08933,0.01915,0.69756,0.31334,0.21338,0.01874,0.67823,0.27774,0.18365,0.93222,1.60388,3.67111,1.05999,0.000250561,0.000250561,0.000250561
7,379.274,0.86016,1.58068,2.91051,1.05408,0.01855,0.69802,0.31847,0.22971,0.01801,0.67647,0.27557,0.21049,0.94404,1.61384,3.5713,1.06746,0.000290702,0.000290702,0.000290702
8,419.423,1.06657,1.78968,2.73356,1.13556,0.01882,0.71434,0.30825,0.23013,0.01923,0.73282,0.27597,0.21551,0.96089,1.57727,3.51616,1.05983,0.000329942,0.000329942,0.000329942
9,464.7,0.95089,1.63774,2.53898,1.09644,0.01799,0.7013,0.30039,0.22336,0.01905,0.74212,0.27776,0.21321,0.95405,1.56733,3.42996,1.05744,0.000368283,0.000368283,0.000368283
10,506.726,1.00657,1.43082,2.53742,1.15406,0.70343,0.11158,0.31388,0.23296,0.70343,0.11158,0.30187,0.23322,0.95624,1.26154,3.25749,1.06643,0.000405724,0.000405724,0.000405724
11,548.972,1.00529,1.42587,2.45903,1.12263,0.68829,0.15509,0.35432,0.26633,0.68829,0.15509,0.3325,0.26501,0.99943,1.36739,3.15516,1.09035,0.000442265,0.000442265,0.000442265
12,599.674,0.985,1.80439,2.30173,1.08415,0.5451,0.18278,0.38472,0.27988,0.54193,0.17402,0.3777,0.28006,0.98616,1.37967,3.04636,1.07947,0.000477906,0.000477906,0.000477906
13,690.853,0.9657,1.46639,2.3469,1.09701,0.5159,0.2455,0.37068,0.25759,0.48473,0.22133,0.34202,0.25586,0.98847,1.28236,2.97011,1.07954,0.000512647,0.000512647,0.000512647
14,770.288,0.98987,1.53608,2.14888,1.08404,0.5159,0.2455,0.37068,0.25759,0.48473,0.22133,0.34202,0.25586,0.98847,1.28236,2.97011,1.07954,0.000546488,0.000546488,0.000546488
15,818.931,0.89091,1.50299,2.16106,1.04775,0.56637,0.33639,0.39798,0.26568,0.52584,0.29737,0.33928,0.25709,0.99722,1.31017,2.86962,1.08675,0.000579429,0.000579429,0.000579429
16,866.033,1.02815,1.5536,2.11997,1.12591,0.56268,0.35637,0.39658,0.28292,0.52236,0.31963,0.34745,0.26132,1.02656,1.39183,2.77008,1.10662,0.000611471,0.000611471,0.000611471
17,907.863,0.93754,1.28976,1.99466,1.09302,0.52522,0.41769,0.45705,0.34073,0.4822,0.38095,0.40015,0.31566,0.94232,1.15982,2.60988,1.06107,0.000642612,0.000642612,0.000642612
18,1048.62,0.96417,1.59383,1.9654,1.0621,0.52522,0.41769,0.45705,0.34073,0.4822,0.38095,0.40015,0.31566,0.94232,1.15982,2.60988,1.06107,0.000672854,0.000672854,0.000672854
19,1114.71,0.94333,1.36999,2.05152,1.09365,0.53555,0.42612,0.44492,0.33165,0.47812,0.39979,0.39444,0.30075,0.94244,1.10552,2.52424,1.07508,0.000702195,0.000702195,0.000702195
20,1160.5,1.13486,1.47821,2.25848,1.14945,0.52493,0.45885,0.4522,0.3331,0.48589,0.40766,0.39445,0.31317,1.01653,1.14068,2.45388,1.10256,0.000730637,0.000730637,0.000730637
21,1208.91,0.92456,1.01163,1.88454,1.02932,0.52493,0.45885,0.4522,0.3331,0.48589,0.40766,0.39445,0.31317,1.01653,1.14068,2.45388,1.10256,0.000729018,0.000729018,0.000729018
22,1256.41,0.96943,1.31083,1.91683,1.0666,0.3892,0.51988,0.45221,0.32442,0.35873,0.48995,0.40961,0.32124,1.04055,1.21293,2.4398,1.13967,0.000720019,0.000720019,0.000720019
23,1299.1,1.00415,1.38473,1.89765,1.03633,0.38806,0.56367,0.47473,0.33576,0.36768,0.53095,0.43035,0.34168,1.06933,1.23845,2.36455,1.14333,0.00071102,0.00071102,0.00071102
24,1341.67,0.95814,1.34341,1.93747,1.06181,0.38806,0.56367,0.47473,0.33576,0.36768,0.53095,0.43035,0.34168,1.06933,1.23845,2.36455,1.14333,0.000702021,0.000702021,0.000702021
25,1386.11,1.00966,1.27754,1.94825,1.09363,0.42785,0.54097,0.48888,0.34771,0.40125,0.52845,0.44916,0.35138,1.07065,1.22629,2.20868,1.11873,0.000693022,0.000693022,0.000693022
26,1431.19,1.08657,1.52364,1.98051,1.13373,0.42785,0.54097,0.48888,0.34771,0.40125,0.52845,0.44916,0.35138,1.07065,1.22629,2.20868,1.11873,0.000684022,0.000684022,0.000684022
27,1493.19,0.88193,1.25354,1.83347,1.07773,0.37721,0.53968,0.50335,0.37025,0.37604,0.5424,0.47072,0.38103,0.99161,1.16226,2.08766,1.09013,0.000675023,0.000675023,0.000675023
28,2231.64,0.87035,1.27014,1.80933,1.0282,0.34076,0.601,0.46521,0.35426,0.34772,0.55548,0.43437,0.34765,0.93515,1.38937,2.0376,1.07226,0.000666024,0.000666024,0.000666024
29,2317.73,0.90256,1.24246,1.77251,1.03019,0.34076,0.601,0.46521,0.35426,0.34772,0.55548,0.43437,0.34765,0.93515,1.38937,2.0376,1.07226,0.000657025,0.000657025,0.000657025
30,10871.7,0.89395,1.25636,1.72278,1.02959,0.30242,0.57514,0.40622,0.31219,0.29493,0.57531,0.37528,0.29737,0.89538,1.27535,2.11437,1.04205,0.000648026,0.000648026,0.000648026
31,15855.1,0.93138,1.33848,1.72171,1.04804,0.34852,0.60194,0.39519,0.29549,0.31355,0.57579,0.3485,0.2766,0.8886,1.12903,2.15433,1.03147,0.000639027,0.000639027,0.000639027
32,25374.3,0.86743,1.07371,1.66704,1.0211,0.34852,0.60194,0.39519,0.29549,0.31355,0.57579,0.3485,0.2766,0.8886,1.12903,2.15433,1.03147,0.000630028,0.000630028,0.000630028
33,25476.1,0.84756,1.54903,1.6681,0.97054,0.38046,0.62139,0.40033,0.28727,0.33416,0.58903,0.3486,0.27675,0.90484,1.14276,2.12806,1.05404,0.000621029,0.000621029,0.000621029
34,25536.7,0.90787,1.27273,1.71325,1.08362,0.38046,0.62139,0.40033,0.28727,0.33416,0.58903,0.3486,0.27675,0.90484,1.14276,2.12806,1.05404,0.00061203,0.00061203,0.00061203
35,25676.4,0.9009,1.29614,1.82303,1.05746,0.36264,0.67366,0.38498,0.28232,0.32821,0.63879,0.34717,0.26523,0.84079,1.12222,2.11024,1.03962,0.000603031,0.000603031,0.000603031
36,25752,0.83427,1.01989,1.73882,1.04404,0.35543,0.67075,0.43115,0.31975,0.33695,0.63271,0.40191,0.31378,0.86868,1.0888,2.09691,1.03955,0.000594031,0.000594031,0.000594031
37,25926.4,0.83641,1.2056,1.65061,1.01648,0.35543,0.67075,0.43115,0.31975,0.33695,0.63271,0.40191,0.31378,0.86868,1.0888,2.09691,1.03955,0.000585032,0.000585032,0.000585032
38,26032.3,0.85995,1.13429,1.66816,1.00773,0.34813,0.67797,0.40969,0.30057,0.32121,0.62827,0.38413,0.30042,0.87827,1.03027,2.087,1.04453,0.000576033,0.000576033,0.000576033
39,26112.5,0.8291,1.09729,1.63318,1.01142,0.32613,0.68013,0.40328,0.3061,0.2947,0.63249,0.37318,0.29813,0.87512,0.97304,2.05127,1.04612,0.000567034,0.000567034,0.000567034
40,26159.7,0.85639,1.23894,1.65679,1.02454,0.32613,0.68013,0.40328,0.3061,0.2947,0.63249,0.37318,0.29813,0.87512,0.97304,2.05127,1.04612,0.000558035,0.000558035,0.000558035
41,27596.3,0.89981,1.17502,1.67926,1.05274,0.33028,0.53474,0.38401,0.29372,0.31351,0.53867,0.36302,0.28656,0.86129,0.9731,2.06535,1.04685,0.000549036,0.000549036,0.000549036
42,28353.1,0.81173,1.01746,1.62657,0.99109,0.33028,0.53474,0.38401,0.29372,0.31351,0.53867,0.36302,0.28656,0.86129,0.9731,2.06535,1.04685,0.000540037,0.000540037,0.000540037
43,28450.5,0.89459,0.98257,2.04675,1.04851,0.3666,0.49303,0.3448,0.26293,0.2651,0.63674,0.32336,0.24992,0.85358,0.95939,2.13776,1.04834,0.000531038,0.000531038,0.000531038
44,28495.3,0.80826,1.11083,1.57825,0.98794,0.30047,0.64951,0.33428,0.2527,0.27602,0.62959,0.31561,0.24274,0.82852,0.94752,2.23367,1.03723,0.000522039,0.000522039,0.000522039
45,29545.5,0.7799,1.15826,1.48676,0.97557,0.30047,0.64951,0.33428,0.2527,0.27602,0.62959,0.31561,0.24274,0.82852,0.94752,2.23367,1.03723,0.00051304,0.00051304,0.00051304
46,29650.7,0.81948,0.96404,1.54881,0.999,0.32482,0.6,0.3594,0.27539,0.276,0.62828,0.32991,0.258,0.83519,1.01119,2.24789,1.04645,0.00050404,0.00050404,0.00050404
47,29963.8,0.76499,1.07778,1.54856,1.02117,0.34389,0.63716,0.39738,0.30848,0.29787,0.60662,0.36576,0.28212,0.81896,1.0864,2.13513,1.04197,0.000495041,0.000495041,0.000495041
48,30064.3,0.89028,1.23937,1.77192,1.06255,0.34389,0.63716,0.39738,0.30848,0.29787,0.60662,0.36576,0.28212,0.81896,1.0864,2.13513,1.04197,0.000486042,0.000486042,0.000486042
49,30197.2,0.76966,0.91493,1.49056,1.0401,0.3696,0.5599,0.41778,0.32808,0.33706,0.53315,0.39052,0.30367,0.81472,0.99108,2.12658,1.03972,0.000477043,0.000477043,0.000477043
50,30241.4,0.83493,1.24642,1.57835,1.01355,0.3696,0.5599,0.41778,0.32808,0.33706,0.53315,0.39052,0.30367,0.81472,0.99108,2.12658,1.03972,0.000468044,0.000468044,0.000468044
51,30288.8,0.77786,1.01319,1.43217,0.98507,0.35184,0.60567,0.43736,0.33948,0.31012,0.56366,0.41156,0.31945,0.81871,0.93115,2.09516,1.04517,0.000459045,0.000459045,0.000459045
52,30332.9,0.78458,1.00337,1.56332,0.98442,0.35745,0.59009,0.40412,0.30594,0.31674,0.60785,0.37275,0.28888,0.81606,0.861,2.20981,1.03859,0.000450046,0.000450046,0.000450046
53,30375.5,0.78714,1.17242,1.50767,0.96823,0.35745,0.59009,0.40412,0.30594,0.31674,0.60785,0.37275,0.28888,0.81606,0.861,2.20981,1.03859,0.000441047,0.000441047,0.000441047
54,30423.6,0.77949,1.00779,1.40869,0.97424,0.32461,0.56039,0.3436,0.24746,0.27035,0.53316,0.30408,0.23531,0.83412,0.84163,2.42774,1.0385,0.000432048,0.000432048,0.000432048
55,30469.4,0.77075,1.03435,1.41475,0.97805,0.27583,0.56752,0.2942,0.20843,0.25512,0.57433,0.26984,0.20375,0.82862,0.82435,2.54592,1.0343,0.000423049,0.000423049,0.000423049
56,30511.2,0.74932,1.03871,1.3903,0.95269,0.27583,0.56752,0.2942,0.20843,0.25512,0.57433,0.26984,0.20375,0.82862,0.82435,2.54592,1.0343,0.000414049,0.000414049,0.000414049
57,30555.4,0.79197,1.04427,1.53917,1.02134,0.27291,0.56168,0.27981,0.19944,0.23414,0.56903,0.24889,0.18566,0.80425,0.83126,2.53487,1.02144,0.00040505,0.00040505,0.00040505
58,30596.9,0.77822,1.02854,1.35357,0.95701,0.27291,0.56168,0.27981,0.19944,0.23414,0.56903,0.24889,0.18566,0.80425,0.83126,2.53487,1.02144,0.000396051,0.000396051,0.000396051
59,30638,0.75925,0.92808,1.441,1.00045,0.27075,0.59943,0.28159,0.20329,0.23492,0.57174,0.25177,0.18286,0.80413,0.84183,2.44705,1.01966,0.000387052,0.000387052,0.000387052
60,30682.7,0.72811,0.9187,1.28713,0.96044,0.27596,0.59242,0.29559,0.21435,0.2534,0.56943,0.27203,0.19537,0.81185,0.86131,2.3947,1.02272,0.000378053,0.000378053,0.000378053
61,30725.3,0.74718,1.06092,1.37866,0.99211,0.27596,0.59242,0.29559,0.21435,0.2534,0.56943,0.27203,0.19537,0.81185,0.86131,2.3947,1.02272,0.000369054,0.000369054,0.000369054
62,30768.7,0.84272,1.08274,1.55783,1.06158,0.29154,0.63744,0.31182,0.22541,0.26277,0.59037,0.28666,0.20882,0.80171,0.87996,2.35943,1.01639,0.000360055,0.000360055,0.000360055
63,30820.6,0.70632,0.97269,1.31195,0.9682,0.28929,0.69407,0.32006,0.23687,0.26511,0.6585,0.29548,0.22323,0.79384,0.86444,2.33764,1.01623,0.000351056,0.000351056,0.000351056
64,30881.4,0.7231,0.92925,1.33963,0.96565,0.28929,0.69407,0.32006,0.23687,0.26511,0.6585,0.29548,0.22323,0.79384,0.86444,2.33764,1.01623,0.000342057,0.000342057,0.000342057
65,30924,0.72642,0.86842,1.29461,0.96377,0.29818,0.68628,0.33436,0.25106,0.26739,0.64791,0.30466,0.23868,0.80636,0.89067,2.30019,1.03257,0.000333058,0.000333058,0.000333058
66,31033.4,0.74367,0.99774,1.3715,0.98719,0.29818,0.68628,0.33436,0.25106,0.26739,0.64791,0.30466,0.23868,0.80636,0.89067,2.30019,1.03257,0.000324058,0.000324058,0.000324058
67,31127.7,0.70528,1.05707,1.37477,0.98951,0.3001,0.62611,0.32335,0.24457,0.26742,0.59315,0.29033,0.22565,0.807,0.89405,2.34888,1.03209,0.000315059,0.000315059,0.000315059
68,31174.5,0.67645,0.88596,1.26553,0.96859,0.29612,0.59695,0.30506,0.22916,0.27099,0.56614,0.27834,0.21069,0.79455,0.85433,2.44754,1.02097,0.00030606,0.00030606,0.00030606
69,31217.3,0.66129,0.93793,1.27861,0.93288,0.29612,0.59695,0.30506,0.22916,0.27099,0.56614,0.27834,0.21069,0.79455,0.85433,2.44754,1.02097,0.000297061,0.000297061,0.000297061
70,31257.5,0.72566,0.93573,1.37256,0.98297,0.28401,0.63121,0.28391,0.21403,0.25454,0.57994,0.25768,0.19057,0.7769,0.8341,2.50919,1.01154,0.000288062,0.000288062,0.000288062
71,31302.9,0.67908,0.83172,1.43264,0.93294,0.27677,0.60119,0.27807,0.20651,0.25179,0.54279,0.25281,0.18431,0.76222,0.83359,2.52616,1.00669,0.000279063,0.000279063,0.000279063
72,31415.3,0.69624,0.94032,1.22118,0.91966,0.27677,0.60119,0.27807,0.20651,0.25179,0.54279,0.25281,0.18431,0.76222,0.83359,2.52616,1.00669,0.000270064,0.000270064,0.000270064
73,31469.4,0.62382,0.89379,1.25915,0.93969,0.28961,0.59189,0.29779,0.22257,0.26403,0.55454,0.27048,0.19662,0.75444,0.82197,2.44741,1.00237,0.000261065,0.000261065,0.000261065
74,31511.3,0.63073,0.8832,1.18251,0.93777,0.28961,0.59189,0.29779,0.22257,0.26403,0.55454,0.27048,0.19662,0.75444,0.82197,2.44741,1.00237,0.000252066,0.000252066,0.000252066
75,31554.5,0.65768,0.94603,1.18986,0.93418,0.29841,0.62071,0.32552,0.24603,0.27102,0.56548,0.29366,0.21692,0.74692,0.8166,2.362,1.00484,0.000243067,0.000243067,0.000243067
76,31594.5,0.6752,0.96754,1.28486,0.95625,0.31803,0.63248,0.34908,0.26856,0.29006,0.60204,0.31946,0.23414,0.73714,0.82506,2.31727,1.00248,0.000234068,0.000234068,0.000234068
77,31633.6,0.64588,0.78404,1.21808,0.97995,0.31803,0.63248,0.34908,0.26856,0.29006,0.60204,0.31946,0.23414,0.73714,0.82506,2.31727,1.00248,0.000225068,0.000225068,0.000225068
78,31677.5,0.64567,0.87404,1.18318,0.96602,0.32586,0.61202,0.34296,0.26321,0.29823,0.58741,0.31298,0.22966,0.7361,0.82277,2.31645,1.00212,0.000216069,0.000216069,0.000216069
79,31719,0.68991,0.93357,1.23626,0.96283,0.33512,0.63654,0.34404,0.26451,0.3074,0.61601,0.31884,0.23414,0.73186,0.82279,2.31676,0.99793,0.00020707,0.00020707,0.00020707
80,31762.4,0.68434,0.87007,1.18176,0.94133,0.33512,0.63654,0.34404,0.26451,0.3074,0.61601,0.31884,0.23414,0.73186,0.82279,2.31676,0.99793,0.000198071,0.000198071,0.000198071
81,31890.5,0.74022,1.07565,1.19464,0.94695,0.3401,0.61451,0.35019,0.26912,0.30568,0.5699,0.3223,0.247,0.72921,0.833,2.29125,0.99682,0.000189072,0.000189072,0.000189072
82,31992.7,0.74196,1.00979,1.19889,0.96206,0.3401,0.61451,0.35019,0.26912,0.30568,0.5699,0.3223,0.247,0.72921,0.833,2.29125,0.99682,0.000180073,0.000180073,0.000180073
83,32037.9,0.69329,0.96184,1.18745,0.96993,0.33034,0.59974,0.34017,0.2594,0.29787,0.56213,0.31812,0.24365,0.72758,0.83495,2.31006,0.99758,0.000171074,0.000171074,0.000171074
84,32123.6,0.67466,1.097,1.20915,0.95412,0.31654,0.57106,0.32474,0.2488,0.29294,0.54354,0.30342,0.23124,0.71586,0.8375,2.34906,0.99164,0.000162075,0.000162075,0.000162075
85,32167.6,0.80452,1.61486,1.39042,1.01826,0.31654,0.57106,0.32474,0.2488,0.29294,0.54354,0.30342,0.23124,0.71586,0.8375,2.34906,0.99164,0.000153076,0.000153076,0.000153076
86,32216.5,0.69304,0.88546,1.28663,0.95506,0.31615,0.55713,0.32036,0.24624,0.28939,0.53068,0.29684,0.22918,0.71831,0.83623,2.38847,0.9915,0.000144077,0.000144077,0.000144077
87,32301,0.68172,1.89318,2.50096,0.89365,0.31292,0.56517,0.31023,0.23718,0.28533,0.53067,0.28791,0.21689,0.71899,0.85709,2.42549,0.99473,0.000135077,0.000135077,0.000135077
88,32355.2,0.66708,0.88656,1.15571,0.93628,0.31292,0.56517,0.31023,0.23718,0.28533,0.53067,0.28791,0.21689,0.71899,0.85709,2.42549,0.99473,0.000126078,0.000126078,0.000126078
89,32449.6,0.6862,0.91053,1.19275,0.94477,0.3176,0.5782,0.30938,0.23771,0.28789,0.53199,0.28802,0.21465,0.71414,0.86277,2.44426,0.98961,0.000117079,0.000117079,0.000117079
90,32543.5,0.63376,0.83801,1.08825,0.94068,0.3176,0.5782,0.30938,0.23771,0.28789,0.53199,0.28802,0.21465,0.71414,0.86277,2.44426,0.98961,0.00010808,0.00010808,0.00010808
91,32588.5,0.57998,0.71896,1.2174,0.94122,0.31728,0.58462,0.31233,0.24092,0.28885,0.5341,0.29267,0.21862,0.71345,0.87546,2.41971,0.98834,9.9081e-05,9.9081e-05,9.9081e-05
92,32676.8,0.60451,0.6674,1.33195,0.96586,0.30392,0.56973,0.30474,0.23591,0.28191,0.53423,0.28075,0.21262,0.71724,0.88616,2.43942,0.98856,9.00819e-05,9.00819e-05,9.00819e-05
93,32739.6,0.59956,0.68118,1.1295,0.90152,0.30392,0.56973,0.30474,0.23591,0.28191,0.53423,0.28075,0.21262,0.71724,0.88616,2.43942,0.98856,8.10828e-05,8.10828e-05,8.10828e-05
94,32780.2,0.58776,0.74223,1.1824,0.91406,0.29887,0.57031,0.29178,0.22572,0.27516,0.51247,0.26692,0.20418,0.71727,0.88233,2.45917,0.98565,7.20837e-05,7.20837e-05,7.20837e-05
95,32826,0.53517,0.71355,1.1446,0.9067,0.29058,0.55296,0.28432,0.2217,0.26583,0.51077,0.26183,0.1997,0.72252,0.88672,2.46381,0.98285,6.30846e-05,6.30846e-05,6.30846e-05
96,32935.9,0.67661,0.86829,1.17297,0.93347,0.29058,0.55296,0.28432,0.2217,0.26583,0.51077,0.26183,0.1997,0.72252,0.88672,2.46381,0.98285,5.40855e-05,5.40855e-05,5.40855e-05
97,33048.9,0.60347,0.74176,1.0484,0.90672,0.29221,0.55812,0.28538,0.22077,0.26766,0.52533,0.26153,0.19816,0.72496,0.89093,2.47131,0.97985,4.50864e-05,4.50864e-05,4.50864e-05
98,33140.7,0.60308,0.7376,1.08869,0.88657,0.29221,0.55812,0.28538,0.22077,0.26766,0.52533,0.26153,0.19816,0.72496,0.89093,2.47131,0.97985,3.60873e-05,3.60873e-05,3.60873e-05
99,33180.3,0.55478,0.77781,1.12985,0.87957,0.29921,0.56748,0.28936,0.22293,0.26317,0.52351,0.26302,0.19942,0.72935,0.90393,2.46243,0.9801,2.70882e-05,2.70882e-05,2.70882e-05
100,33255.3,0.57383,0.73964,1.17535,0.91434,0.30052,0.57352,0.29366,0.22542,0.26816,0.52716,0.26905,0.20259,0.7281,0.90133,2.46106,0.97825,1.80891e-05,1.80891e-05,1.80891e-05
1,632.127,1.14669,2.98589,3.40722,1.25396,0.03132,0.48824,0.22116,0.15429,0.02178,0.35332,0.13989,0.10071,1.04602,2.04138,3.44657,1.23218,0.000271356,0.000271356,0.000271356
1,784.341,1.14669,2.98589,3.40722,1.25396,0.03054,0.64499,0.25249,0.18636,0.02385,0.52725,0.1626,0.11777,1.04602,2.04138,3.44657,1.23218,0.000271356,0.000271356,0.000271356
2,1310.36,1.06076,2.05135,2.10281,1.19689,0.61655,0.50186,0.57321,0.39922,0.49352,0.38631,0.4486,0.30933,1.20653,1.83046,2.34624,1.32526,0.000543587,0.000543587,0.000543587
3,1854.53,1.0366,1.91611,1.66155,1.18137,0.51051,0.51677,0.51607,0.31334,0.37377,0.39761,0.38106,0.24768,1.34997,2.09101,2.14858,1.40125,0.000810321,0.000810321,0.000810321
4,2340.27,1.03025,1.84007,1.52376,1.17538,0.53885,0.66999,0.60918,0.40893,0.41809,0.5417,0.48679,0.31228,1.08462,1.67155,1.8168,1.28937,0.00080826,0.00080826,0.00080826
5,2780.45,0.98933,1.74832,1.44649,1.16411,0.50366,0.64674,0.60508,0.42889,0.39493,0.51962,0.47804,0.35685,1.11545,1.5439,1.68223,1.27193,0.000800013,0.000800013,0.000800013
6,3173.42,0.93385,1.65335,1.3713,1.13712,0.55917,0.59071,0.57466,0.42097,0.43928,0.47193,0.47642,0.35403,1.06214,1.51164,1.64578,1.25847,0.000791767,0.000791767,0.000791767
7,3583.48,0.90055,1.60083,1.26326,1.10678,0.57251,0.6001,0.6186,0.40081,0.46825,0.47391,0.49604,0.34132,1.15362,1.46745,1.67801,1.32329,0.00078352,0.00078352,0.00078352
8,4028.84,0.89425,1.62037,1.25635,1.10856,0.62657,0.65192,0.65111,0.46315,0.50223,0.52598,0.5249,0.36776,1.01701,1.33549,1.59787,1.18196,0.000775273,0.000775273,0.000775273
9,4456.44,0.87243,1.56569,1.23154,1.09306,0.63682,0.57267,0.62872,0.45679,0.45032,0.52624,0.52343,0.38,1.08478,1.42357,1.57957,1.26806,0.000767026,0.000767026,0.000767026
10,4838.28,0.85994,1.52384,1.17093,1.09477,0.53056,0.61381,0.63209,0.47757,0.43103,0.5082,0.51826,0.36976,1.02969,1.3164,1.55244,1.23695,0.00075878,0.00075878,0.00075878
11,5191.02,0.85176,1.54997,1.14974,1.08801,0.55255,0.73835,0.65441,0.47845,0.42148,0.60202,0.52277,0.38152,0.97484,1.3544,1.39565,1.21408,0.000750533,0.000750533,0.000750533
12,5527.73,0.84123,1.50449,1.13039,1.07116,0.59687,0.65484,0.66896,0.49519,0.47731,0.53009,0.5487,0.37915,0.98711,1.39416,1.45125,1.20434,0.000742286,0.000742286,0.000742286
13,5899.53,0.83583,1.47872,1.11588,1.06989,0.61941,0.65314,0.6576,0.47084,0.50065,0.52814,0.53228,0.38685,1.01013,1.38108,1.44496,1.23079,0.00073404,0.00073404,0.00073404
14,6272.31,0.81826,1.4366,1.06914,1.07003,0.66364,0.66681,0.66041,0.44173,0.5375,0.53523,0.53316,0.35255,1.11054,1.34087,1.53191,1.29029,0.000725793,0.000725793,0.000725793
15,6629.85,0.81907,1.46853,1.06597,1.05936,0.5576,0.70418,0.63879,0.4515,0.44274,0.60369,0.52267,0.35425,1.02599,1.35102,1.4658,1.26992,0.000717546,0.000717546,0.000717546
16,7013.58,0.7853,1.42303,1.04191,1.04371,0.58687,0.67766,0.64612,0.51329,0.49137,0.57367,0.53685,0.4053,0.87562,1.27141,1.40789,1.18178,0.000709299,0.000709299,0.000709299
17,7380.71,0.8127,1.37689,1.04622,1.05301,0.60549,0.61155,0.67529,0.5102,0.50729,0.49983,0.56327,0.39841,0.94447,1.49335,1.41105,1.21096,0.000701053,0.000701053,0.000701053
18,7717.26,0.80224,1.39621,1.03986,1.05238,0.56629,0.6522,0.66514,0.49829,0.44299,0.52073,0.53969,0.37499,0.94385,1.44061,1.40544,1.2652,0.000692806,0.000692806,0.000692806
19,8421.61,0.78488,1.36649,1.00364,1.03906,0.52982,0.71119,0.63799,0.48887,0.43363,0.59598,0.51011,0.37271,0.89597,1.23429,1.38907,1.2344,0.000684559,0.000684559,0.000684559
20,8764.63,0.77248,1.38773,0.99532,1.03528,0.61151,0.634,0.66279,0.51101,0.49312,0.50277,0.52998,0.39162,0.87825,1.28761,1.35142,1.17705,0.000676313,0.000676313,0.000676313
21,9114,0.76401,1.31017,0.979,1.03581,0.65774,0.68392,0.68169,0.51288,0.53042,0.55659,0.55596,0.40353,0.87029,1.20292,1.34978,1.12845,0.000668066,0.000668066,0.000668066
22,11886.8,0.77992,1.34757,1.00765,1.04819,0.58212,0.66406,0.61224,0.46771,0.47936,0.55088,0.50621,0.37142,0.91017,1.26646,1.40535,1.17296,0.000659819,0.000659819,0.000659819
23,13874.8,0.76523,1.37395,0.97272,1.03095,0.6359,0.6994,0.6466,0.46989,0.64512,0.4881,0.55148,0.39343,1.01166,1.37623,1.37095,1.28286,0.000651573,0.000651573,0.000651573
24,15783.7,0.74855,1.34965,0.96196,1.01742,0.56069,0.71453,0.67305,0.50071,0.49199,0.51142,0.55204,0.39544,0.94834,1.31989,1.28799,1.23912,0.000643326,0.000643326,0.000643326
25,19154.7,0.75134,1.28524,0.92745,1.02433,0.74905,0.62766,0.7175,0.53374,0.63249,0.50587,0.59761,0.4458,0.92464,1.21762,1.33167,1.18272,0.000635079,0.000635079,0.000635079
26,19451.8,0.73854,1.2787,0.92745,1.02018,0.59823,0.79408,0.6928,0.51149,0.47405,0.66212,0.56035,0.40493,0.92569,1.14147,1.25615,1.1818,0.000626832,0.000626832,0.000626832
27,19782.3,0.74437,1.2962,0.92526,1.01452,0.62186,0.69413,0.70752,0.51731,0.48806,0.60784,0.57962,0.42061,0.9353,1.32217,1.25688,1.21679,0.000618586,0.000618586,0.000618586
28,20182.2,0.72787,1.24579,0.91944,1.01552,0.62347,0.66986,0.68806,0.50697,0.50067,0.52893,0.56721,0.39376,0.94576,1.36456,1.24948,1.26327,0.000610339,0.000610339,0.000610339
29,20552.1,0.73875,1.25255,0.91296,1.02527,0.56325,0.70604,0.67611,0.50307,0.4892,0.54758,0.56368,0.41254,0.91679,1.34165,1.26351,1.20236,0.000602092,0.000602092,0.000602092
30,20922.8,0.72645,1.28921,0.90086,1.0109,0.62238,0.70351,0.66372,0.4911,0.5189,0.59323,0.54962,0.39603,0.95712,1.42867,1.28927,1.19929,0.000593846,0.000593846,0.000593846
31,21294.3,0.72291,1.24675,0.8765,1.00468,0.6175,0.74176,0.69392,0.5293,0.48263,0.6201,0.56796,0.41541,0.91359,1.36008,1.2149,1.19671,0.000585599,0.000585599,0.000585599
32,21647.6,0.70201,1.23908,0.85787,1.00043,0.56271,0.70329,0.66611,0.47551,0.4448,0.58996,0.5441,0.36883,1.02141,1.6139,1.28513,1.28798,0.000577352,0.000577352,0.000577352
33,21960.2,0.71575,1.25407,0.87303,1.01135,0.59838,0.70337,0.67504,0.51357,0.47714,0.58378,0.5697,0.41101,0.90859,1.33611,1.24515,1.21999,0.000569106,0.000569106,0.000569106
34,26517.2,0.69845,1.21199,0.8513,1.00383,0.63794,0.79915,0.78524,0.54028,0.51646,0.67321,0.65634,0.4336,0.93113,1.43249,1.21733,1.21863,0.000560859,0.000560859,0.000560859
35,28678.8,0.69037,1.20394,0.83886,0.98665,0.60819,0.65001,0.70255,0.49838,0.47494,0.52,0.57707,0.38736,0.98203,1.49046,1.26314,1.2714,0.000552612,0.000552612,0.000552612
36,45101.4,0.69355,1.20792,0.84903,0.99926,0.57298,0.61268,0.63338,0.48124,0.43584,0.62037,0.53128,0.37157,0.90537,1.28937,1.2907,1.25502,0.000544365,0.000544365,0.000544365
37,96885.5,0.68581,1.22248,0.8349,0.99465,0.59456,0.68576,0.67093,0.50294,0.48257,0.57429,0.54585,0.39514,0.91468,1.37916,1.27618,1.24834,0.000536119,0.000536119,0.000536119
38,97366.9,0.68442,1.14307,0.82488,0.9893,0.58951,0.67611,0.69286,0.53443,0.4681,0.56974,0.57255,0.43219,0.85121,1.21199,1.20414,1.14071,0.000527872,0.000527872,0.000527872
39,97729.8,0.70203,1.20345,0.83633,1.00007,0.63807,0.69265,0.67145,0.50201,0.53258,0.58037,0.56569,0.4224,0.89801,1.25521,1.22491,1.23306,0.000519625,0.000519625,0.000519625
40,98106.1,0.68661,1.21758,0.826,0.99746,0.64247,0.69105,0.7418,0.56083,0.5467,0.57921,0.64107,0.47457,0.97057,1.30973,1.18289,1.28516,0.000511379,0.000511379,0.000511379
41,98492.8,0.66221,1.14818,0.78778,0.9802,0.63922,0.69823,0.70338,0.52917,0.52303,0.56315,0.59897,0.43457,0.91984,1.39848,1.21838,1.24079,0.000503132,0.000503132,0.000503132
42,98835.9,0.68222,1.15948,0.79821,1.00283,0.58737,0.67079,0.67772,0.48968,0.53465,0.58226,0.57345,0.39109,0.92908,1.37931,1.15917,1.2641,0.000494885,0.000494885,0.000494885
43,99218.4,0.68212,1.18679,0.80826,0.98846,0.56503,0.79442,0.7064,0.51665,0.4627,0.64904,0.589,0.41282,0.89503,1.30124,1.19875,1.25652,0.000486639,0.000486639,0.000486639
